Date,Price,Pct Change,,
9/27/2019,"2,962.15",2.71%,,
8/1/2019,"2,883.98",-3.74%,,
7/1/2019,"2,996.11",3.67%,,
6/1/2019,"2,890.17",1.24%,,
5/1/2019,"2,854.71",-1.69%,,
4/1/2019,"2,903.80",3.56%,,
3/1/2019,"2,803.98",1.78%,,
2/1/2019,"2,754.86",5.66%,,
1/1/2019,"2,607.39",1.56%,,
12/1/2018,"2,567.31",-5.73%,,
11/1/2018,"2,723.23",-2.23%,,
10/1/2018,"2,785.46",-4.00%,,
9/1/2018,"2,901.50",1.53%,,
8/1/2018,"2,857.82",2.30%,,
7/1/2018,"2,793.64",1.43%,,
6/1/2018,"2,754.35",1.96%,,
5/1/2018,"2,701.49",1.80%,,
4/1/2018,"2,653.63",-1.82%,,
3/1/2018,"2,702.77",-0.09%,,
2/1/2018,"2,705.16",-3.03%,,
1/1/2018,"2,789.80",4.71%,,
12/1/2017,"2,664.34",2.73%,,
11/1/2017,"2,593.61",1.43%,,
10/1/2017,"2,557.00",2.57%,,
9/1/2017,"2,492.84",1.49%,,
8/1/2017,"2,456.22",0.09%,,
7/1/2017,"2,454.10",0.83%,,
6/1/2017,"2,433.99",1.61%,,
5/1/2017,"2,395.35",1.53%,,
4/1/2017,"2,359.31",-0.32%,,
3/1/2017,"2,366.82",1.58%,,
2/1/2017,"2,329.91",2.41%,,
1/1/2017,"2,275.12",1.27%,,
12/1/2016,"2,246.63",3.77%,,
11/1/2016,"2,164.99",1.03%,,
10/1/2016,"2,143.02",-0.68%,,
9/1/2016,"2,157.69",-0.61%,,
8/1/2016,"2,170.95",1.03%,,
7/1/2016,"2,148.90",3.12%,,
6/1/2016,"2,083.89",0.89%,,
5/1/2016,"2,065.55",-0.48%,,
4/1/2016,"2,075.54",2.65%,,
3/1/2016,"2,021.95",6.17%,,
2/1/2016,"1,904.42",-0.74%,,
1/1/2016,"1,918.60",-6.60%,,
12/1/2015,"2,054.08",-1.28%,,
11/1/2015,"2,080.62",2.76%,,
10/1/2015,"2,024.81",4.13%,,
9/1/2015,"1,944.41",-4.68%,,
8/1/2015,"2,039.87",-2.59%,,
7/1/2015,"2,094.14",-0.25%,,
6/1/2015,"2,099.29",-0.60%,,
5/1/2015,"2,111.94",0.82%,,
4/1/2015,"2,094.86",0.71%,,
3/1/2015,"2,079.99",-0.11%,,
2/1/2015,"2,082.20",2.66%,,
1/1/2015,"2,028.18",-1.27%,,
12/1/2014,"2,054.27",0.47%,,
11/1/2014,"2,044.57",5.54%,,
10/1/2014,"1,937.27",-2.81%,,
9/1/2014,"1,993.23",1.62%,,
8/1/2014,"1,961.53",-0.59%,,
7/1/2014,"1,973.10",1.34%,,
6/1/2014,"1,947.09",3.03%,,
5/1/2014,"1,889.77",1.37%,,
4/1/2014,"1,864.26",0.04%,,
3/1/2014,"1,863.52",2.56%,,
2/1/2014,"1,817.04",-0.29%,,
1/1/2014,"1,822.36",0.81%,,
12/1/2013,"1,807.78",1.36%,,
11/1/2013,"1,783.54",3.69%,,
10/1/2013,"1,720.03",1.95%,,
9/1/2013,"1,687.17",1.02%,,
8/1/2013,"1,670.09",0.08%,,
7/1/2013,"1,668.68",3.08%,,
6/1/2013,"1,618.77",-1.28%,,
5/1/2013,"1,639.84",4.40%,,
4/1/2013,"1,570.70",1.28%,,
3/1/2013,"1,550.83",2.55%,,
2/1/2013,"1,512.31",2.16%,,
1/1/2013,"1,480.40",4.09%,,
12/1/2012,"1,422.29",1.99%,,
11/1/2012,"1,394.51",-3.01%,,
10/1/2012,"1,437.82",-0.39%,,
9/1/2012,"1,443.42",2.85%,,
8/1/2012,"1,403.45",3.21%,,
7/1/2012,"1,359.78",2.74%,,
6/1/2012,"1,323.48",-1.33%,,
5/1/2012,"1,341.27",-3.26%,,
4/1/2012,"1,386.43",-0.20%,,
3/1/2012,"1,389.24",2.72%,,
2/1/2012,"1,352.49",3.99%,,
1/1/2012,"1,300.58",4.61%,,
12/1/2011,"1,243.32",1.38%,,
11/1/2011,"1,226.42",1.59%,,
10/1/2011,"1,207.22",2.84%,,
9/1/2011,"1,173.88",-0.96%,,
8/1/2011,"1,185.31",-10.56%,,
7/1/2011,"1,325.19",2.94%,,
6/1/2011,"1,287.29",-3.81%,,
5/1/2011,"1,338.31",0.51%,,
4/1/2011,"1,331.51",2.07%,,
3/1/2011,"1,304.49",-1.26%,,
2/1/2011,"1,321.12",3.00%,,
1/1/2011,"1,282.62",3.31%,,
12/1/2010,"1,241.53",3.56%,,
11/1/2010,"1,198.89",2.33%,,
10/1/2010,"1,171.58",4.41%,,
9/1/2010,"1,122.08",3.20%,,
8/1/2010,"1,087.28",0.69%,,
7/1/2010,"1,079.80",-0.33%,,
6/1/2010,"1,083.36",-3.71%,,
5/1/2010,"1,125.06",-6.04%,,
4/1/2010,"1,197.32",3.93%,,
3/1/2010,"1,152.05",5.77%,,
2/1/2010,"1,089.16",-3.06%,,
1/1/2010,"1,123.58",1.19%,,
12/1/2009,"1,110.38",2.05%,,
11/1/2009,"1,088.07",1.91%,,
10/1/2009,"1,067.66",2.21%,,
9/1/2009,"1,044.55",3.45%,,
8/1/2009,"1,009.73",7.90%,,
7/1/2009,935.82,1.05%,,
6/1/2009,926.12,2.63%,,
5/1/2009,902.41,6.40%,,
4/1/2009,848.15,12.02%,,
3/1/2009,757.13,-5.97%,,
2/1/2009,805.23,-6.97%,,
1/1/2009,865.58,-1.37%,,
12/1/2008,877.56,-0.62%,,
11/1/2008,883.04,-8.85%,,
10/1/2008,968.8,-20.39%,,
9/1/2008,"1,216.95",-5.03%,,
8/1/2008,"1,281.47",1.92%,,
7/1/2008,"1,257.33",-6.26%,,
6/1/2008,"1,341.25",-4.42%,,
5/1/2008,"1,403.22",2.39%,,
4/1/2008,"1,370.47",4.06%,,
3/1/2008,"1,316.94",-2.80%,,
2/1/2008,"1,354.87",-1.73%,,
1/1/2008,"1,378.76",-6.79%,,
12/1/2007,"1,479.22",1.08%,,
11/1/2007,"1,463.39",-4.95%,,
10/1/2007,"1,539.66",2.84%,,
9/1/2007,"1,497.12",2.92%,,
8/1/2007,"1,454.62",-4.35%,,
7/1/2007,"1,520.71",0.43%,,
6/1/2007,"1,514.19",0.20%,,
5/1/2007,"1,511.14",3.25%,,
4/1/2007,"1,463.64",4.03%,,
3/1/2007,"1,406.95",-2.62%,,
2/1/2007,"1,444.80",1.45%,,
1/1/2007,"1,424.16",0.55%,,
12/1/2006,"1,416.42",2.00%,,
11/1/2006,"1,388.64",1.85%,,
10/1/2006,"1,363.38",3.46%,,
9/1/2006,"1,317.74",2.38%,,
8/1/2006,"1,287.15",2.14%,,
7/1/2006,"1,260.24",0.56%,,
6/1/2006,"1,253.17",-2.86%,,
5/1/2006,"1,290.01",-0.93%,,
4/1/2006,"1,302.17",0.65%,,
3/1/2006,"1,293.74",1.34%,,
2/1/2006,"1,276.65",-0.16%,,
1/1/2006,"1,278.73",1.32%,,
12/1/2005,"1,262.07",2.00%,,
11/1/2005,"1,237.37",3.81%,,
10/1/2005,"1,191.96",-2.77%,,
9/1/2005,"1,225.92",0.13%,,
8/1/2005,"1,224.27",0.17%,,
7/1/2005,"1,222.24",1.66%,,
6/1/2005,"1,202.25",2.03%,,
5/1/2005,"1,178.28",1.19%,,
4/1/2005,"1,164.43",-2.55%,,
3/1/2005,"1,194.90",-0.39%,,
2/1/2005,"1,199.63",1.54%,,
1/1/2005,"1,181.41",-1.48%,,
12/1/2004,"1,199.21",2.59%,,
11/1/2004,"1,168.94",4.63%,,
10/1/2004,"1,117.21",-0.04%,,
9/1/2004,"1,117.66",2.64%,,
8/1/2004,"1,088.94",-1.53%,,
7/1/2004,"1,105.85",-2.38%,,
6/1/2004,"1,132.76",2.72%,,
5/1/2004,"1,102.78",-2.70%,,
4/1/2004,"1,133.36",0.83%,,
3/1/2004,"1,123.98",-1.70%,,
2/1/2004,"1,143.36",0.96%,,
1/1/2004,"1,132.52",4.80%,,
12/1/2003,"1,080.64",2.93%,,
11/1/2003,"1,049.90",1.08%,,
10/1/2003,"1,038.73",1.89%,,
9/1/2003,"1,019.44",3.02%,,
8/1/2003,989.53,-0.30%,,
7/1/2003,992.54,0.46%,,
6/1/2003,988,5.56%,,
5/1/2003,935.96,5.16%,,
4/1/2003,890.03,5.13%,,
3/1/2003,846.63,1.15%,,
2/1/2003,837.03,-6.56%,,
1/1/2003,895.84,-0.37%,,
12/1/2002,899.18,-1.18%,,
11/1/2002,909.93,6.47%,,
10/1/2002,854.63,-1.52%,,
9/1/2002,867.81,-4.90%,,
8/1/2002,912.55,0.99%,,
7/1/2002,903.59,-10.89%,,
6/1/2002,"1,014.02",-6.04%,,
5/1/2002,"1,079.25",-2.94%,,
4/1/2002,"1,111.93",-3.63%,,
3/1/2002,"1,153.79",4.83%,,
2/1/2002,"1,100.67",-3.47%,,
1/1/2002,"1,140.21",-0.41%,,
12/1/2001,"1,144.93",1.35%,,
11/1/2001,"1,129.68",4.93%,,
10/1/2001,"1,076.59",3.06%,,
9/1/2001,"1,044.64",-11.36%,,
8/1/2001,"1,178.50",-2.15%,,
7/1/2001,"1,204.45",-2.77%,,
6/1/2001,"1,238.71",-2.49%,,
5/1/2001,"1,270.37",6.77%,,
4/1/2001,"1,189.84",0.34%,,
3/1/2001,"1,185.85",-9.18%,,
2/1/2001,"1,305.75",-2.24%,,
1/1/2001,"1,335.63",0.35%,,
12/1/2000,"1,330.93",-3.42%,,
11/1/2000,"1,378.04",-0.87%,,
10/1/2000,"1,390.14",-5.31%,,
9/1/2000,"1,468.05",-1.17%,,
8/1/2000,"1,485.46",0.85%,,
7/1/2000,"1,473.00",0.76%,,
6/1/2000,"1,461.96",3.07%,,
5/1/2000,"1,418.48",-2.93%,,
4/1/2000,"1,461.36",1.33%,,
3/1/2000,"1,442.21",3.84%,,
2/1/2000,"1,388.87",-2.58%,,
1/1/2000,"1,425.59",-0.22%,,
12/1/1999,"1,428.68",2.71%,,
11/1/1999,"1,391.00",7.00%,,
10/1/1999,"1,300.01",-1.38%,,
9/1/1999,"1,318.17",-0.70%,,
8/1/1999,"1,327.49",-3.87%,,
7/1/1999,"1,380.99",4.42%,,
6/1/1999,"1,322.55",-0.71%,,
5/1/1999,"1,332.07",-0.20%,,
4/1/1999,"1,334.76",4.14%,,
3/1/1999,"1,281.66",2.81%,,
2/1/1999,"1,246.58",-0.18%,,
1/1/1999,"1,248.77",4.93%,,
12/1/1998,"1,190.05",3.99%,,
11/1/1998,"1,144.43",10.84%,,
10/1/1998,"1,032.47",1.16%,,
9/1/1998,"1,020.64",-5.02%,,
8/1/1998,"1,074.62",-7.09%,,
7/1/1998,"1,156.58",4.35%,,
6/1/1998,"1,108.39",0.00%,,
5/1/1998,"1,108.42",-0.34%,,
4/1/1998,"1,112.20",3.28%,,
3/1/1998,"1,076.83",5.19%,,
2/1/1998,"1,023.74",6.27%,,
1/1/1998,963.36,0.10%,,
12/1/1997,962.37,2.50%,,
11/1/1997,938.92,-1.29%,,
10/1/1997,951.16,1.51%,,
9/1/1997,937.02,1.05%,,
8/1/1997,927.24,0.21%,,
7/1/1997,925.29,5.59%,,
6/1/1997,876.29,5.19%,,
5/1/1997,833.09,9.05%,,
4/1/1997,763.93,-3.56%,,
3/1/1997,792.16,-0.78%,,
2/1/1997,798.39,4.20%,,
1/1/1997,766.22,3.09%,,
12/1/1996,743.25,1.03%,,
11/1/1996,735.67,4.88%,,
10/1/1996,701.46,3.94%,,
9/1/1996,674.88,1.84%,,
8/1/1996,662.68,2.89%,,
7/1/1996,644.07,-3.65%,,
6/1/1996,668.5,1.10%,,
5/1/1996,661.23,2.17%,,
4/1/1996,647.17,0.02%,,
3/1/1996,647.07,-0.38%,,
2/1/1996,649.54,5.72%,,
1/1/1996,614.42,-0.02%,,
12/1/1995,614.57,3.20%,,
11/1/1995,595.53,2.16%,,
10/1/1995,582.92,0.72%,,
9/1/1995,578.77,3.52%,,
8/1/1995,559.11,0.31%,,
7/1/1995,557.37,3.34%,,
6/1/1995,539.35,2.97%,,
5/1/1995,523.81,3.13%,,
4/1/1995,507.91,2.99%,,
3/1/1995,493.15,2.33%,,
2/1/1995,481.92,3.58%,,
1/1/1995,465.25,2.21%,,
12/1/1994,455.19,-1.26%,,
11/1/1994,461.01,-0.60%,,
10/1/1994,463.81,-0.67%,,
9/1/1994,466.96,0.59%,,
8/1/1994,464.24,2.84%,,
7/1/1994,451.4,-0.75%,,
6/1/1994,454.83,0.87%,,
5/1/1994,450.9,0.82%,,
4/1/1994,447.23,-3.57%,,
3/1/1994,463.81,-1.65%,,
2/1/1994,471.58,-0.30%,,
1/1/1994,472.99,1.51%,,
12/1/1993,465.95,0.66%,,
11/1/1993,462.89,-0.22%,,
10/1/1993,463.9,1.01%,,
9/1/1993,459.24,1.13%,,
8/1/1993,454.13,1.53%,,
7/1/1993,447.29,-0.17%,,
6/1/1993,448.06,0.63%,,
5/1/1993,445.25,0.49%,,
4/1/1993,443.08,-1.57%,,
3/1/1993,450.16,1.92%,,
2/1/1993,441.7,1.49%,,
1/1/1993,435.23,-0.09%,,
12/1/1992,435.64,3.03%,,
11/1/1992,422.84,2.51%,,
10/1/1992,412.5,-1.43%,,
9/1/1992,418.48,0.13%,,
8/1/1992,417.93,0.69%,,
7/1/1992,415.05,1.66%,,
6/1/1992,408.27,-1.58%,,
5/1/1992,414.81,1.82%,,
4/1/1992,407.41,0.01%,,
3/1/1992,407.36,-1.26%,,
2/1/1992,412.56,-0.85%,,
1/1/1992,416.08,7.10%,,
12/1/1991,388.51,0.67%,,
11/1/1991,385.92,-0.25%,,
10/1/1991,386.88,-0.08%,,
9/1/1991,387.2,-0.56%,,
8/1/1991,389.4,2.41%,,
7/1/1991,380.23,0.51%,,
6/1/1991,378.29,0.08%,,
5/1/1991,377.99,-0.45%,,
4/1/1991,379.68,1.99%,,
3/1/1991,372.28,2.77%,,
2/1/1991,362.26,11.30%,,
1/1/1991,325.49,-0.99%,,
12/1/1990,328.75,4.27%,,
11/1/1990,315.29,2.66%,,
10/1/1990,307.12,-2.63%,,
9/1/1990,315.41,-4.64%,,
8/1/1990,330.75,-8.13%,,
7/1/1990,360.03,-0.10%,,
6/1/1990,360.39,2.90%,,
5/1/1990,350.25,3.57%,,
4/1/1990,338.18,-0.08%,,
3/1/1990,338.46,2.42%,,
2/1/1990,330.45,-2.80%,,
1/1/1990,339.97,-2.48%,,
12/1/1989,348.6,2.47%,,
11/1/1989,340.2,-2.07%,,
10/1/1989,347.4,0.03%,,
9/1/1989,347.3,0.20%,,
8/1/1989,346.6,4.43%,,
7/1/1989,331.9,2.53%,,
6/1/1989,323.7,3.12%,,
5/1/1989,313.9,3.84%,,
4/1/1989,302.3,3.28%,,
3/1/1989,292.7,-0.44%,,
2/1/1989,294,3.01%,,
1/1/1989,285.4,3.22%,,
12/1/1988,276.5,2.03%,,
11/1/1988,271,-2.31%,,
10/1/1988,277.4,3.51%,,
9/1/1988,268,1.63%,,
8/1/1988,263.7,-2.01%,,
7/1/1988,269.1,-0.59%,,
6/1/1988,270.7,5.70%,,
5/1/1988,256.1,-2.48%,,
4/1/1988,262.6,-1.17%,,
3/1/1988,265.7,2.94%,,
2/1/1988,258.1,3.03%,,
1/1/1988,250.5,3.94%,,
12/1/1987,241,-1.63%,,
11/1/1987,245,-12.56%,,
10/1/1987,280.2,-12.08%,,
9/1/1987,318.7,-3.25%,,
8/1/1987,329.4,6.22%,,
7/1/1987,310.1,2.89%,,
6/1/1987,301.4,4.25%,,
5/1/1987,289.1,-0.07%,,
4/1/1987,289.3,-1.09%,,
3/1/1987,292.5,4.13%,,
2/1/1987,280.9,6.20%,,
1/1/1987,264.5,6.40%,,
12/1/1986,248.6,1.43%,,
11/1/1986,245.1,3.24%,,
10/1/1986,237.4,-0.38%,,
9/1/1986,238.3,-2.73%,,
8/1/1986,245,2.00%,,
7/1/1986,240.2,-2.08%,,
6/1/1986,245.3,2.85%,,
5/1/1986,238.5,0.21%,,
4/1/1986,238,2.45%,,
3/1/1986,232.3,5.88%,,
2/1/1986,219.4,5.38%,,
1/1/1986,208.2,0.43%,,
12/1/1985,207.3,4.96%,,
11/1/1985,197.5,6.07%,,
10/1/1985,186.2,1.14%,,
9/1/1985,184.1,-2.23%,,
8/1/1985,188.3,-2.18%,,
7/1/1985,192.5,1.91%,,
6/1/1985,188.9,2.16%,,
5/1/1985,184.9,2.38%,,
4/1/1985,180.6,0.67%,,
3/1/1985,179.4,-0.83%,,
2/1/1985,180.9,5.42%,,
1/1/1985,171.6,4.32%,,
12/1/1984,164.5,-1.08%,,
11/1/1984,166.3,0.91%,,
10/1/1984,164.8,-0.78%,,
9/1/1984,166.1,1.03%,,
8/1/1984,164.4,8.80%,,
7/1/1984,151.1,-1.31%,,
6/1/1984,153.1,-2.23%,,
5/1/1984,156.6,-0.63%,,
4/1/1984,157.6,0.13%,,
3/1/1984,157.4,0.06%,,
2/1/1984,157.3,-5.47%,,
1/1/1984,166.4,1.22%,,
12/1/1983,164.4,-0.48%,,
11/1/1983,165.2,-1.49%,,
10/1/1983,167.7,0.30%,,
9/1/1983,167.2,2.96%,,
8/1/1983,162.4,-2.75%,,
7/1/1983,167,0.36%,,
6/1/1983,166.4,1.40%,,
5/1/1983,164.1,4.06%,,
4/1/1983,157.7,3.82%,,
3/1/1983,151.9,3.47%,,
2/1/1983,146.8,1.73%,,
1/1/1983,144.3,3.52%,,
12/1/1982,139.4,0.94%,,
11/1/1982,138.1,4.07%,,
10/1/1982,132.7,8.42%,,
9/1/1982,122.4,11.58%,,
8/1/1982,109.7,0.27%,,
7/1/1982,109.4,-0.27%,,
6/1/1982,109.7,-5.76%,,
5/1/1982,116.4,0.09%,,
4/1/1982,116.3,4.96%,,
3/1/1982,110.8,-3.23%,,
2/1/1982,114.5,-2.39%,,
1/1/1982,117.3,-5.25%,,
12/1/1981,123.8,0.73%,,
11/1/1981,122.9,2.59%,,
10/1/1981,119.8,1.27%,,
9/1/1981,118.3,-8.72%,,
8/1/1981,129.6,0.39%,,
7/1/1981,129.1,-2.42%,,
6/1/1981,132.3,0.46%,,
5/1/1981,131.7,-2.01%,,
4/1/1981,134.4,0.90%,,
3/1/1981,133.2,3.74%,,
2/1/1981,128.4,-3.46%,,
1/1/1981,133,-0.37%,,
12/1/1980,133.5,-1.62%,,
11/1/1980,135.7,4.22%,,
10/1/1980,130.2,2.92%,,
9/1/1980,126.5,2.43%,,
8/1/1980,123.5,3.09%,,
7/1/1980,119.8,4.54%,,
6/1/1980,114.6,6.41%,,
5/1/1980,107.7,4.56%,,
4/1/1980,103,-1.62%,,
3/1/1980,104.7,-9.19%,,
2/1/1980,115.3,3.97%,,
1/1/1980,110.9,2.88%,,
12/1/1979,107.8,3.95%,,
11/1/1979,103.7,-0.77%,,
10/1/1979,104.5,-3.78%,,
9/1/1979,108.6,1.12%,,
8/1/1979,107.4,4.58%,,
7/1/1979,102.7,0.98%,,
6/1/1979,101.7,1.98%,,
5/1/1979,99.73,-2.32%,,
4/1/1979,102.1,2.00%,,
3/1/1979,100.1,1.90%,,
2/1/1979,98.23,-1.48%,,
1/1/1979,99.71,3.75%,,
12/1/1978,96.11,1.48%,,
11/1/1978,94.71,-5.85%,,
10/1/1978,100.6,-3.18%,,
9/1/1978,103.9,0.00%,,
8/1/1978,103.9,6.90%,,
7/1/1978,97.19,-0.48%,,
6/1/1978,97.66,0.26%,,
5/1/1978,97.41,5.07%,,
4/1/1978,92.71,4.38%,,
3/1/1978,88.82,-0.18%,,
2/1/1978,88.98,-1.41%,,
1/1/1978,90.25,-3.81%,,
12/1/1977,93.82,-0.49%,,
11/1/1977,94.28,0.58%,,
10/1/1977,93.74,-2.59%,,
9/1/1977,96.23,-1.55%,,
8/1/1977,97.75,-2.45%,,
7/1/1977,100.2,0.92%,,
6/1/1977,99.29,0.54%,,
5/1/1977,98.76,-0.29%,,
4/1/1977,99.05,-1.54%,,
3/1/1977,100.6,-0.40%,,
2/1/1977,101,-2.70%,,
1/1/1977,103.8,-0.86%,,
12/1/1976,104.7,3.46%,,
11/1/1976,101.2,-0.69%,,
10/1/1976,101.9,-3.41%,,
9/1/1976,105.5,2.13%,,
8/1/1976,103.3,-0.86%,,
7/1/1976,104.2,2.36%,,
6/1/1976,101.8,0.59%,,
5/1/1976,101.2,-0.69%,,
4/1/1976,101.9,0.79%,,
3/1/1976,101.1,0.50%,,
2/1/1976,100.6,3.86%,,
1/1/1976,96.86,9.20%,,
12/1/1975,88.7,-1.52%,,
11/1/1975,90.07,1.69%,,
10/1/1975,88.57,4.61%,,
9/1/1975,84.67,-1.21%,,
8/1/1975,85.71,-7.33%,,
7/1/1975,92.49,0.10%,,
6/1/1975,92.4,2.55%,,
5/1/1975,90.1,6.35%,,
4/1/1975,84.72,1.12%,,
3/1/1975,83.78,4.59%,,
2/1/1975,80.1,10.39%,,
1/1/1975,72.56,8.19%,,
12/1/1974,67.07,-6.51%,,
11/1/1974,71.74,3.31%,,
10/1/1974,69.44,1.94%,,
9/1/1974,68.12,-10.40%,,
8/1/1974,76.03,-4.14%,,
7/1/1974,79.31,-11.67%,,
6/1/1974,89.79,0.13%,,
5/1/1974,89.67,-3.02%,,
4/1/1974,92.46,-5.11%,,
3/1/1974,97.44,4.27%,,
2/1/1974,93.45,-2.77%,,
1/1/1974,96.11,1.40%,,
12/1/1973,94.78,-7.08%,,
11/1/1973,102,-7.10%,,
10/1/1973,109.8,3.98%,,
9/1/1973,105.6,1.73%,,
8/1/1973,103.8,-1.89%,,
7/1/1973,105.8,0.95%,,
6/1/1973,104.8,-2.24%,,
5/1/1973,107.2,-2.81%,,
4/1/1973,110.3,-1.87%,,
3/1/1973,112.4,-1.58%,,
2/1/1973,114.2,-3.55%,,
1/1/1973,118.4,0.77%,,
12/1/1972,117.5,2.09%,,
11/1/1972,115.1,5.02%,,
10/1/1972,109.6,0.18%,,
9/1/1972,109.4,-1.44%,,
8/1/1972,111,3.54%,,
7/1/1972,107.2,-0.74%,,
6/1/1972,108,0.28%,,
5/1/1972,107.7,-1.01%,,
4/1/1972,108.8,1.02%,,
3/1/1972,107.7,2.38%,,
2/1/1972,105.2,1.84%,,
1/1/1972,103.3,4.16%,,
12/1/1971,99.17,6.89%,,
11/1/1971,92.78,-4.64%,,
10/1/1971,97.29,-2.12%,,
9/1/1971,99.4,2.22%,,
8/1/1971,97.24,-1.78%,,
7/1/1971,99,-0.72%,,
6/1/1971,99.72,-1.85%,,
5/1/1971,101.6,-1.36%,,
4/1/1971,103,3.41%,,
3/1/1971,99.6,2.56%,,
2/1/1971,97.11,3.87%,,
1/1/1971,93.49,3.82%,,
12/1/1970,90.05,6.85%,,
11/1/1970,84.28,-0.11%,,
10/1/1970,84.37,2.17%,,
9/1/1970,82.58,5.98%,,
8/1/1970,77.92,2.91%,,
7/1/1970,75.72,0.17%,,
6/1/1970,75.59,-0.62%,,
5/1/1970,76.06,-11.51%,,
4/1/1970,85.95,-3.05%,,
3/1/1970,88.65,1.71%,,
2/1/1970,87.16,-3.49%,,
1/1/1970,90.31,-0.88%,,
12/1/1969,91.11,-5.30%,,
11/1/1969,96.21,0.72%,,
10/1/1969,95.52,1.07%,,
9/1/1969,94.51,0.35%,,
8/1/1969,94.18,-0.56%,,
7/1/1969,94.71,-4.47%,,
6/1/1969,99.14,-5.22%,,
5/1/1969,104.6,3.26%,,
4/1/1969,101.3,2.01%,,
3/1/1969,99.3,-2.17%,,
2/1/1969,101.5,-0.49%,,
1/1/1969,102,-4.23%,,
12/1/1968,106.5,1.04%,,
11/1/1968,105.4,1.54%,,
10/1/1968,103.8,2.47%,,
9/1/1968,101.3,3.25%,,
8/1/1968,98.11,-2.18%,,
7/1/1968,100.3,-0.20%,,
6/1/1968,100.5,2.69%,,
5/1/1968,97.87,2.30%,,
4/1/1968,95.67,7.39%,,
3/1/1968,89.09,-1.83%,,
2/1/1968,90.75,-4.51%,,
1/1/1968,95.04,-0.27%,,
12/1/1967,95.3,2.85%,,
11/1/1967,92.66,-3.14%,,
10/1/1967,95.66,-0.16%,,
9/1/1967,95.81,1.40%,,
8/1/1967,94.49,1.59%,,
7/1/1967,93.01,1.73%,,
6/1/1967,91.43,-1.25%,,
5/1/1967,92.59,1.79%,,
4/1/1967,90.96,1.72%,,
3/1/1967,89.42,2.36%,,
2/1/1967,87.36,3.45%,,
1/1/1967,84.45,3.84%,,
12/1/1966,81.33,0.42%,,
11/1/1966,80.99,5.00%,,
10/1/1966,77.13,-0.87%,,
9/1/1966,77.81,-3.52%,,
8/1/1966,80.65,-6.05%,,
7/1/1966,85.84,-0.26%,,
6/1/1966,86.06,-0.83%,,
5/1/1966,86.78,-5.26%,,
4/1/1966,91.6,3.06%,,
3/1/1966,88.88,-4.11%,,
2/1/1966,92.69,-0.68%,,
1/1/1966,93.32,1.73%,,
12/1/1965,91.73,-0.46%,,
11/1/1965,92.15,0.83%,,
10/1/1965,91.39,2.25%,,
9/1/1965,89.38,3.34%,,
8/1/1965,86.49,1.86%,,
7/1/1965,84.91,-0.15%,,
6/1/1965,85.04,-4.75%,,
5/1/1965,89.28,1.49%,,
4/1/1965,87.97,1.31%,,
3/1/1965,86.83,0.09%,,
2/1/1965,86.75,0.73%,,
1/1/1965,86.12,2.57%,,
12/1/1964,83.96,-1.73%,,
11/1/1964,85.44,0.70%,,
10/1/1964,84.85,1.73%,,
9/1/1964,83.41,1.72%,,
8/1/1964,82,-1.47%,,
7/1/1964,83.22,3.71%,,
6/1/1964,80.24,-0.59%,,
5/1/1964,80.72,0.98%,,
4/1/1964,79.94,1.45%,,
3/1/1964,78.8,1.82%,,
2/1/1964,77.39,1.23%,,
1/1/1964,76.45,3.07%,,
12/1/1963,74.17,2.13%,,
11/1/1963,72.62,-0.56%,,
10/1/1963,73.03,0.25%,,
9/1/1963,72.85,2.63%,,
8/1/1963,70.98,2.77%,,
7/1/1963,69.07,-1.48%,,
6/1/1963,70.11,-0.04%,,
5/1/1963,70.14,2.01%,,
4/1/1963,68.76,4.71%,,
3/1/1963,65.67,-0.38%,,
2/1/1963,65.92,1.32%,,
1/1/1963,65.06,3.86%,,
12/1/1962,62.64,4.33%,,
11/1/1962,60.04,6.89%,,
10/1/1962,56.17,-3.16%,,
9/1/1962,58,-0.89%,,
8/1/1962,58.52,2.72%,,
7/1/1962,56.97,2.41%,,
6/1/1962,55.63,-11.68%,,
5/1/1962,62.99,-7.44%,,
4/1/1962,68.05,-3.19%,,
3/1/1962,70.29,0.10%,,
2/1/1962,70.22,1.66%,,
1/1/1962,69.07,-3.72%,,
12/1/1961,71.74,0.93%,,
11/1/1961,71.08,4.53%,,
10/1/1961,68,1.10%,,
9/1/1961,67.26,-0.78%,,
8/1/1961,67.79,3.59%,,
7/1/1961,65.44,-0.27%,,
6/1/1961,65.62,-1.32%,,
5/1/1961,66.5,1.02%,,
4/1/1961,65.83,2.67%,,
3/1/1961,64.12,3.14%,,
2/1/1961,62.17,4.10%,,
1/1/1961,59.72,5.14%,,
12/1/1960,56.8,2.40%,,
11/1/1960,55.47,3.24%,,
10/1/1960,53.73,-1.97%,,
9/1/1960,54.81,-3.01%,,
8/1/1960,56.51,1.20%,,
7/1/1960,55.84,-2.48%,,
6/1/1960,57.26,3.69%,,
5/1/1960,55.22,-0.92%,,
4/1/1960,55.73,1.29%,,
3/1/1960,55.02,-1.36%,,
2/1/1960,55.78,-3.88%,,
1/1/1960,58.03,-1.74%,,
12/1/1959,59.06,3.20%,,
11/1/1959,57.23,0.40%,,
10/1/1959,57,-0.09%,,
9/1/1959,57.05,-3.96%,,
8/1/1959,59.4,-0.57%,,
7/1/1959,59.74,3.97%,,
6/1/1959,57.46,-0.86%,,
5/1/1959,57.96,1.51%,,
4/1/1959,57.1,1.67%,,
3/1/1959,56.16,2.54%,,
2/1/1959,54.77,-1.53%,,
1/1/1959,55.62,3.98%,,
12/1/1958,53.49,1.89%,,
11/1/1958,52.5,3.04%,,
10/1/1958,50.95,4.06%,,
9/1/1958,48.96,2.64%,,
8/1/1958,47.7,3.74%,,
7/1/1958,45.98,2.75%,,
6/1/1958,44.75,2.40%,,
5/1/1958,43.7,3.21%,,
4/1/1958,42.34,0.55%,,
3/1/1958,42.11,2.06%,,
2/1/1958,41.26,0.34%,,
1/1/1958,41.12,1.96%,,
12/1/1957,40.33,-0.05%,,
11/1/1957,40.35,-2.16%,,
10/1/1957,41.24,-6.23%,,
9/1/1957,43.98,-4.06%,,
8/1/1957,45.84,-5.50%,,
7/1/1957,48.51,2.02%,,
6/1/1957,47.55,1.65%,,
5/1/1957,46.78,3.84%,,
4/1/1957,45.05,2.32%,,
3/1/1957,44.03,1.29%,,
2/1/1957,43.47,-4.31%,,
1/1/1957,45.43,-2.17%,,
12/1/1956,46.44,1.49%,,
11/1/1956,45.76,-1.04%,,
10/1/1956,46.24,-1.28%,,
9/1/1956,46.84,-3.40%,,
8/1/1956,48.49,-0.59%,,
7/1/1956,48.78,5.42%,,
6/1/1956,46.27,-0.58%,,
5/1/1956,46.54,-3.14%,,
4/1/1956,48.05,1.18%,,
3/1/1956,47.49,6.89%,,
2/1/1956,44.43,0.63%,,
1/1/1956,44.15,-2.69%,,
12/1/1955,45.37,0.93%,,
11/1/1955,44.95,6.74%,,
10/1/1955,42.11,-5.03%,,
9/1/1955,44.34,4.50%,,
8/1/1955,42.43,-0.61%,,
7/1/1955,42.69,7.32%,,
6/1/1955,39.78,5.80%,,
5/1/1955,37.6,-0.42%,,
4/1/1955,37.76,3.45%,,
3/1/1955,36.5,-0.79%,,
2/1/1955,36.79,3.34%,,
1/1/1955,35.6,1.80%,,
12/1/1954,34.97,4.58%,,
11/1/1954,33.44,3.92%,,
10/1/1954,32.18,2.32%,,
9/1/1954,31.45,2.34%,,
8/1/1954,30.73,1.99%,,
7/1/1954,30.13,4.04%,,
6/1/1954,28.96,0.80%,,
5/1/1954,28.73,3.98%,,
4/1/1954,27.63,3.99%,,
3/1/1954,26.57,2.11%,,
2/1/1954,26.02,2.20%,,
1/1/1954,25.46,2.54%,,
12/1/1953,24.83,1.35%,,
11/1/1953,24.5,2.21%,,
10/1/1953,23.97,3.01%,,
9/1/1953,23.27,-4.59%,,
8/1/1953,24.39,0.41%,,
7/1/1953,24.29,1.42%,,
6/1/1953,23.95,-3.58%,,
5/1/1953,24.84,0.53%,,
4/1/1953,24.71,-4.92%,,
3/1/1953,25.99,0.50%,,
2/1/1953,25.86,-1.22%,,
1/1/1953,26.18,0.54%,,
12/1/1952,26.04,4.04%,,
11/1/1952,25.03,3.17%,,
10/1/1952,24.26,-2.10%,,
9/1/1952,24.78,-1.59%,,
8/1/1952,25.18,0.40%,,
7/1/1952,25.08,2.87%,,
6/1/1952,24.38,2.74%,,
5/1/1952,23.73,-0.04%,,
4/1/1952,23.74,-0.29%,,
3/1/1952,23.81,0.25%,,
2/1/1952,23.75,-1.82%,,
1/1/1952,24.19,3.33%,,
12/1/1951,23.41,3.08%,,
11/1/1951,22.71,-2.78%,,
10/1/1951,23.36,-0.51%,,
9/1/1951,23.48,2.58%,,
8/1/1951,22.89,4.38%,,
7/1/1951,21.93,1.76%,,
6/1/1951,21.55,-1.73%,,
5/1/1951,21.93,0.05%,,
4/1/1951,21.92,1.34%,,
3/1/1951,21.63,-1.68%,,
2/1/1951,22,3.72%,,
1/1/1951,21.21,7.39%,,
12/1/1950,19.75,-0.40%,,
11/1/1950,19.83,-0.20%,,
10/1/1950,19.87,4.14%,,
9/1/1950,19.08,3.53%,,
8/1/1950,18.43,6.04%,,
7/1/1950,17.38,-7.26%,,
6/1/1950,18.74,1.63%,,
5/1/1950,18.44,3.36%,,
4/1/1950,17.84,2.82%,,
3/1/1950,17.35,0.81%,,
2/1/1950,17.21,1.95%,,
1/1/1950,16.88,2.06%,,
12/1/1949,16.54,2.67%,,
11/1/1949,16.11,1.38%,,
10/1/1949,15.89,2.58%,,
9/1/1949,15.49,1.31%,,
8/1/1949,15.29,3.59%,,
7/1/1949,14.76,5.65%,,
6/1/1949,13.97,-5.48%,,
5/1/1949,14.78,-0.74%,,
4/1/1949,14.89,-0.13%,,
3/1/1949,14.91,0.95%,,
2/1/1949,14.77,-3.84%,,
1/1/1949,15.36,1.12%,,
12/1/1948,15.19,-0.65%,,
11/1/1948,15.29,-5.56%,,
10/1/1948,16.19,2.73%,,
9/1/1948,15.76,-1.13%,,
8/1/1948,15.94,-2.92%,,
7/1/1948,16.42,-2.38%,,
6/1/1948,16.82,4.15%,,
5/1/1948,16.15,4.87%,,
4/1/1948,15.4,7.69%,,
3/1/1948,14.3,1.42%,,
2/1/1948,14.1,-4.92%,,
1/1/1948,14.83,-1.33%,,
12/1/1947,15.03,-1.57%,,
11/1/1947,15.27,-1.17%,,
10/1/1947,15.45,2.59%,,
9/1/1947,15.06,-2.59%,,
8/1/1947,15.46,-1.97%,,
7/1/1947,15.77,6.27%,,
6/1/1947,14.84,3.49%,,
5/1/1947,14.34,-1.78%,,
4/1/1947,14.6,-3.69%,,
3/1/1947,15.16,-4.05%,,
2/1/1947,15.8,3.88%,,
1/1/1947,15.21,0.53%,,
12/1/1946,15.13,3.00%,,
11/1/1946,14.69,-0.41%,,
10/1/1946,14.75,-2.25%,,
9/1/1946,15.09,-14.75%,,
8/1/1946,17.7,-1.94%,,
7/1/1946,18.05,-2.85%,,
6/1/1946,18.58,-0.64%,,
5/1/1946,18.7,0.21%,,
4/1/1946,18.66,6.45%,,
3/1/1946,17.53,-2.99%,,
2/1/1946,18.07,0.28%,,
1/1/1946,18.02,3.98%,,
12/1/1945,17.33,1.70%,,
11/1/1945,17.04,3.27%,,
10/1/1945,16.5,4.17%,,
9/1/1945,15.84,6.81%,,
8/1/1945,14.83,0.34%,,
7/1/1945,14.78,-2.05%,,
6/1/1945,15.09,1.82%,,
5/1/1945,14.82,3.78%,,
4/1/1945,14.28,2.51%,,
3/1/1945,13.93,-0.07%,,
2/1/1945,13.94,3.34%,,
1/1/1945,13.49,2.98%,,
12/1/1944,13.1,2.18%,,
11/1/1944,12.82,-0.70%,,
10/1/1944,12.91,2.46%,,
9/1/1944,12.6,-1.64%,,
8/1/1944,12.81,-1.46%,,
7/1/1944,13,2.60%,,
6/1/1944,12.67,4.71%,,
5/1/1944,12.1,1.77%,,
4/1/1944,11.89,-1.74%,,
3/1/1944,12.1,2.80%,,
2/1/1944,11.77,-0.68%,,
1/1/1944,11.85,3.22%,,
12/1/1943,11.48,1.32%,,
11/1/1943,11.33,-4.63%,,
10/1/1943,11.88,-0.92%,,
9/1/1943,11.99,2.13%,,
8/1/1943,11.74,-4.94%,,
7/1/1943,12.35,2.07%,,
6/1/1943,12.1,1.77%,,
5/1/1943,11.89,3.93%,,
4/1/1943,11.44,3.34%,,
3/1/1943,11.07,3.55%,,
2/1/1943,10.69,5.95%,,
1/1/1943,10.09,5.99%,,
12/1/1942,9.52,0.53%,,
11/1/1942,9.47,1.61%,,
10/1/1942,9.32,7.37%,,
9/1/1942,8.68,1.05%,,
8/1/1942,8.59,-0.58%,,
7/1/1942,8.64,3.72%,,
6/1/1942,8.33,5.04%,,
5/1/1942,7.93,1.15%,,
4/1/1942,7.84,-4.16%,,
3/1/1942,8.18,-5.43%,,
2/1/1942,8.65,-3.14%,,
1/1/1942,8.93,1.94%,,
12/1/1941,8.76,-6.51%,,
11/1/1941,9.37,-4.68%,,
10/1/1941,9.83,-4.00%,,
9/1/1941,10.24,0.29%,,
8/1/1941,10.21,-0.49%,,
7/1/1941,10.26,5.12%,,
6/1/1941,9.76,3.50%,,
5/1/1941,9.43,-2.18%,,
4/1/1941,9.64,-3.12%,,
3/1/1941,9.95,0.61%,,
2/1/1941,9.89,-6.26%,,
1/1/1941,10.55,0.19%,,
12/1/1940,10.53,-4.10%,,
11/1/1940,10.98,2.33%,,
10/1/1940,10.73,0.94%,,
9/1/1940,10.63,4.22%,,
8/1/1940,10.2,2.10%,,
7/1/1940,9.99,3.31%,,
6/1/1940,9.67,-8.60%,,
5/1/1940,10.58,-13.77%,,
4/1/1940,12.27,0.99%,,
3/1/1940,12.15,-0.57%,,
2/1/1940,12.22,-0.65%,,
1/1/1940,12.3,-0.57%,,
12/1/1939,12.37,-2.37%,,
11/1/1939,12.67,-1.78%,,
10/1/1939,12.9,1.02%,,
9/1/1939,12.77,10.66%,,
8/1/1939,11.54,-1.45%,,
7/1/1939,11.71,2.45%,,
6/1/1939,11.43,1.78%,,
5/1/1939,11.23,3.69%,,
4/1/1939,10.83,-12.59%,,
3/1/1939,12.39,-0.08%,,
2/1/1939,12.4,-0.80%,,
1/1/1939,12.5,-1.50%,,
12/1/1938,12.69,-2.91%,,
11/1/1938,13.07,0.08%,,
10/1/1938,13.06,11.15%,,
9/1/1938,11.75,-4.55%,,
8/1/1938,12.31,0.57%,,
7/1/1938,12.24,19.88%,,
6/1/1938,10.21,2.30%,,
5/1/1938,9.98,0.91%,,
4/1/1938,9.89,-4.07%,,
3/1/1938,10.31,-6.61%,,
2/1/1938,11.04,-2.39%,,
1/1/1938,11.31,2.63%,,
12/1/1937,11.02,-1.61%,,
11/1/1937,11.2,-8.79%,,
10/1/1937,12.28,-14.54%,,
9/1/1937,14.37,-14.16%,,
8/1/1937,16.74,1.03%,,
7/1/1937,16.57,5.95%,,
6/1/1937,15.64,-3.75%,,
5/1/1937,16.25,-4.47%,,
4/1/1937,17.01,-5.97%,,
3/1/1937,18.09,-0.11%,,
2/1/1937,18.11,2.96%,,
1/1/1937,17.59,3.11%,,
12/1/1936,17.06,-1.73%,,
11/1/1936,17.36,2.78%,,
10/1/1936,16.89,5.23%,,
9/1/1936,16.05,1.13%,,
8/1/1936,15.87,1.99%,,
7/1/1936,15.56,5.92%,,
6/1/1936,14.69,4.26%,,
5/1/1936,14.09,-5.31%,,
4/1/1936,14.88,0.13%,,
3/1/1936,14.86,2.13%,,
2/1/1936,14.55,5.74%,,
1/1/1936,13.76,5.52%,,
12/1/1935,13.04,0.00%,,
11/1/1935,13.04,9.40%,,
10/1/1935,11.92,2.67%,,
9/1/1935,11.61,2.11%,,
8/1/1935,11.37,6.76%,,
7/1/1935,10.65,5.24%,,
6/1/1935,10.12,3.79%,,
5/1/1935,9.75,7.85%,,
4/1/1935,9.04,7.49%,,
3/1/1935,8.41,-6.35%,,
2/1/1935,8.98,-3.02%,,
1/1/1935,9.26,0.00%,,
12/1/1934,9.26,0.65%,,
11/1/1934,9.2,2.79%,,
10/1/1934,8.95,0.79%,,
9/1/1934,8.88,-2.42%,,
8/1/1934,9.1,-3.91%,,
7/1/1934,9.47,-4.73%,,
6/1/1934,9.94,1.33%,,
5/1/1934,9.81,-10.16%,,
4/1/1934,10.92,1.68%,,
3/1/1934,10.74,-5.12%,,
2/1/1934,11.32,7.40%,,
1/1/1934,10.54,5.72%,,
12/1/1933,9.97,1.94%,,
11/1/1933,9.78,2.41%,,
10/1/1933,9.55,-9.74%,,
9/1/1933,10.58,-0.84%,,
8/1/1933,10.67,-4.99%,,
7/1/1933,11.23,8.08%,,
6/1/1933,10.39,17.14%,,
5/1/1933,8.87,28.74%,,
4/1/1933,6.89,10.59%,,
3/1/1933,6.23,-0.32%,,
2/1/1933,6.25,-11.85%,,
1/1/1933,7.09,3.96%,,
12/1/1932,6.82,-3.26%,,
11/1/1932,7.05,-0.98%,,
10/1/1932,7.12,-13.80%,,
9/1/1932,8.26,9.69%,,
8/1/1932,7.53,50.30%,,
7/1/1932,5.01,5.03%,,
6/1/1932,4.77,-13.43%,,
5/1/1932,5.51,-12.26%,,
4/1/1932,6.28,-23.97%,,
3/1/1932,8.26,0.36%,,
2/1/1932,8.23,-0.84%,,
1/1/1932,8.3,-1.66%,,
12/1/1931,8.44,-18.77%,,
11/1/1931,10.39,1.37%,,
10/1/1931,10.25,-13.36%,,
9/1/1931,11.83,-14.89%,,
8/1/1931,13.9,-3.00%,,
7/1/1931,14.33,3.32%,,
6/1/1931,13.87,-3.21%,,
5/1/1931,14.33,-9.65%,,
4/1/1931,15.86,-9.53%,,
3/1/1931,17.53,1.92%,,
2/1/1931,17.2,7.63%,,
1/1/1931,15.98,3.03%,,
12/1/1930,15.51,-6.68%,,
11/1/1930,16.62,-7.25%,,
10/1/1930,17.92,-13.76%,,
9/1/1930,20.78,-0.05%,,
8/1/1930,20.79,-1.28%,,
7/1/1930,21.06,-2.14%,,
6/1/1930,21.52,-10.11%,,
5/1/1930,23.94,-5.97%,,
4/1/1930,25.46,6.35%,,
3/1/1930,23.94,3.77%,,
2/1/1930,23.07,6.26%,,
1/1/1930,21.71,1.45%,,
12/1/1929,21.4,3.98%,,
11/1/1929,20.58,-26.47%,,
10/1/1929,27.99,-10.58%,,
9/1/1929,31.3,3.99%,,
8/1/1929,30.1,5.69%,,
7/1/1929,28.48,8.91%,,
6/1/1929,26.15,1.91%,,
5/1/1929,25.66,1.50%,,
4/1/1929,25.28,-0.59%,,
3/1/1929,25.43,1.76%,,
2/1/1929,24.99,0.52%,,
1/1/1929,24.86,7.39%,,
12/1/1928,23.15,0.39%,,
11/1/1928,23.06,6.76%,,
10/1/1928,21.6,2.03%,,
9/1/1928,21.17,7.03%,,
8/1/1928,19.78,3.24%,,
7/1/1928,19.16,0.74%,,
6/1/1928,19.02,-4.90%,,
5/1/1928,20,3.09%,,
4/1/1928,19.4,6.30%,,
3/1/1928,18.25,5.37%,,
2/1/1928,17.32,-1.20%,,
1/1/1928,17.53,0.40%,,
12/1/1927,17.46,2.34%,,
11/1/1927,17.06,2.28%,,
10/1/1927,16.68,-1.53%,,
9/1/1927,16.94,5.68%,,
8/1/1927,16.03,5.32%,,
7/1/1927,15.22,2.22%,,
6/1/1927,14.89,1.29%,,
5/1/1927,14.7,3.45%,,
4/1/1927,14.21,2.45%,,
3/1/1927,13.87,1.54%,,
2/1/1927,13.66,1.94%,,
1/1/1927,13.4,-0.67%,,
12/1/1926,13.49,2.27%,,
11/1/1926,13.19,1.31%,,
10/1/1926,13.02,-2.25%,,
9/1/1926,13.32,1.52%,,
8/1/1926,13.12,3.96%,,
7/1/1926,12.62,4.21%,,
6/1/1926,12.11,4.76%,,
5/1/1926,11.56,0.70%,,
4/1/1926,11.48,-2.79%,,
3/1/1926,11.81,-6.79%,,
2/1/1926,12.67,0.16%,,
1/1/1926,12.65,1.52%,,
12/1/1925,12.46,1.63%,,
11/1/1925,12.26,3.11%,,
10/1/1925,11.89,3.30%,,
9/1/1925,11.51,2.31%,,
8/1/1925,11.25,1.35%,,
7/1/1925,11.1,2.78%,,
6/1/1925,10.8,1.79%,,
5/1/1925,10.61,3.21%,,
4/1/1925,10.28,-1.06%,,
3/1/1925,10.39,-2.62%,,
2/1/1925,10.67,0.85%,,
1/1/1925,10.58,4.13%,,
12/1/1924,10.16,5.39%,,
11/1/1924,9.64,5.59%,,
10/1/1924,9.13,-1.30%,,
9/1/1924,9.25,-0.96%,,
8/1/1924,9.34,3.43%,,
7/1/1924,9.03,4.63%,,
6/1/1924,8.63,1.89%,,
5/1/1924,8.47,-0.35%,,
4/1/1924,8.5,-2.30%,,
3/1/1924,8.7,-1.92%,,
2/1/1924,8.87,0.45%,,
1/1/1924,8.83,3.27%,,
12/1/1923,8.55,3.39%,,
11/1/1923,8.27,2.99%,,
10/1/1923,8.03,-1.47%,,
9/1/1923,8.15,0.62%,,
8/1/1923,8.1,0.50%,,
7/1/1923,8.06,-3.36%,,
6/1/1923,8.34,-3.81%,,
5/1/1923,8.67,-4.73%,,
4/1/1923,9.1,-3.50%,,
3/1/1923,9.43,1.62%,,
2/1/1923,9.28,4.27%,,
1/1/1923,8.9,1.37%,,
12/1/1922,8.78,-0.23%,,
11/1/1922,8.8,-4.97%,,
10/1/1922,9.26,2.21%,,
9/1/1922,9.06,2.60%,,
8/1/1922,8.83,3.76%,,
7/1/1922,8.51,0.71%,,
6/1/1922,8.45,-0.94%,,
5/1/1922,8.53,3.90%,,
4/1/1922,8.21,6.07%,,
3/1/1922,7.74,3.75%,,
2/1/1922,7.46,2.19%,,
1/1/1922,7.3,-0.14%,,
12/1/1921,7.31,3.54%,,
11/1/1921,7.06,5.37%,,
10/1/1921,6.7,1.36%,,
9/1/1921,6.61,2.48%,,
8/1/1921,6.45,-1.23%,,
7/1/1921,6.53,-0.31%,,
6/1/1921,6.55,-8.01%,,
5/1/1921,7.12,3.04%,,
4/1/1921,6.91,0.44%,,
3/1/1921,6.88,-2.55%,,
2/1/1921,7.06,-0.70%,,
1/1/1921,7.11,4.41%,,
12/1/1920,6.81,-8.96%,,
11/1/1920,7.48,-5.08%,,
10/1/1920,7.88,0.13%,,
9/1/1920,7.87,3.55%,,
8/1/1920,7.6,-3.92%,,
7/1/1920,7.91,-0.13%,,
6/1/1920,7.92,-1.74%,,
5/1/1920,8.06,-6.28%,,
4/1/1920,8.6,-0.81%,,
3/1/1920,8.67,7.04%,,
2/1/1920,8.1,-8.27%,,
1/1/1920,8.83,-1.01%,,
12/1/1919,8.92,-2.94%,,
11/1/1919,9.19,-2.96%,,
10/1/1919,9.47,5.11%,,
9/1/1919,9.01,1.58%,,
8/1/1919,8.87,-6.73%,,
7/1/1919,9.51,3.26%,,
6/1/1919,9.21,2.68%,,
5/1/1919,8.97,6.91%,,
4/1/1919,8.39,3.33%,,
3/1/1919,8.12,3.05%,,
2/1/1919,7.88,0.38%,,
1/1/1919,7.85,-0.63%,,
12/1/1918,7.9,-1.99%,,
11/1/1918,8.06,2.54%,,
10/1/1918,7.86,4.24%,,
9/1/1918,7.54,-0.53%,,
8/1/1918,7.58,0.93%,,
7/1/1918,7.51,0.81%,,
6/1/1918,7.45,0.13%,,
5/1/1918,7.44,3.19%,,
4/1/1918,7.21,-0.96%,,
3/1/1918,7.28,-2.02%,,
2/1/1918,7.43,3.05%,,
1/1/1918,7.21,6.03%,,
12/1/1917,6.8,-3.41%,,
11/1/1917,7.04,-8.33%,,
10/1/1917,7.68,-5.42%,,
9/1/1917,8.12,-4.81%,,
8/1/1917,8.53,-2.96%,,
7/1/1917,8.79,-2.77%,,
6/1/1917,9.04,2.03%,,
5/1/1917,8.86,-3.38%,,
4/1/1917,9.17,-1.50%,,
3/1/1917,9.31,3.10%,,
2/1/1917,9.03,-5.64%,,
1/1/1917,9.57,-2.35%,,
12/1/1916,9.8,-4.02%,,
11/1/1916,10.21,2.30%,,
10/1/1916,9.98,3.10%,,
9/1/1916,9.68,4.09%,,
8/1/1916,9.3,0.76%,,
7/1/1916,9.23,-1.39%,,
6/1/1916,9.36,0.97%,,
5/1/1916,9.27,2.21%,,
4/1/1916,9.07,-1.09%,,
3/1/1916,9.17,-0.33%,,
2/1/1916,9.2,-1.39%,,
1/1/1916,9.33,-1.58%,,
12/1/1915,9.48,0.21%,,
11/1/1915,9.46,3.50%,,
10/1/1915,9.14,5.54%,,
9/1/1915,8.66,3.71%,,
8/1/1915,8.35,4.24%,,
7/1/1915,8.01,-0.37%,,
6/1/1915,8.04,1.13%,,
5/1/1915,7.95,-2.33%,,
4/1/1915,8.14,7.53%,,
3/1/1915,7.57,2.57%,,
2/1/1915,7.38,-1.34%,,
1/1/1915,7.48,1.77%,,
12/1/1914,7.35,-4.30%,,
11/1/1914,7.68,0.00%,,
10/1/1914,7.68,0.00%,,
9/1/1914,7.68,0.00%,,
8/1/1914,7.68,0.00%,,
7/1/1914,7.68,-5.54%,,
6/1/1914,8.13,-0.49%,,
5/1/1914,8.17,0.62%,,
4/1/1914,8.12,-2.40%,,
3/1/1914,8.32,-1.89%,,
2/1/1914,8.48,1.31%,,
1/1/1914,8.37,4.10%,,
12/1/1913,8.04,-0.12%,,
11/1/1913,8.05,-2.54%,,
10/1/1913,8.26,-3.17%,,
9/1/1913,8.53,0.95%,,
8/1/1913,8.45,2.67%,,
7/1/1913,8.23,1.35%,,
6/1/1913,8.12,-5.03%,,
5/1/1913,8.55,-2.73%,,
4/1/1913,8.79,-0.11%,,
3/1/1913,8.8,-1.90%,,
2/1/1913,8.97,-3.55%,,
1/1/1913,9.3,-0.85%,,
12/1/1912,9.38,-3.60%,,
11/1/1912,9.73,-1.12%,,
10/1/1912,9.84,-0.20%,,
9/1/1912,9.86,0.51%,,
8/1/1912,9.81,2.29%,,
7/1/1912,9.59,0.10%,,
6/1/1912,9.58,0.00%,,
5/1/1912,9.58,-0.10%,,
4/1/1912,9.59,3.12%,,
3/1/1912,9.3,2.88%,,
2/1/1912,9.04,-0.88%,,
1/1/1912,9.12,0.11%,,
12/1/1911,9.11,0.44%,,
11/1/1911,9.07,4.01%,,
10/1/1911,8.72,0.58%,,
9/1/1911,8.67,-5.45%,,
8/1/1911,9.17,-4.78%,,
7/1/1911,9.63,-0.41%,,
6/1/1911,9.67,2.00%,,
5/1/1911,9.48,2.16%,,
4/1/1911,9.28,-0.43%,,
3/1/1911,9.32,-1.17%,,
2/1/1911,9.43,1.73%,,
1/1/1911,9.27,2.43%,,
12/1/1910,9.05,-2.79%,,
11/1/1910,9.31,-0.11%,,
10/1/1910,9.32,4.60%,,
9/1/1910,8.91,0.68%,,
8/1/1910,8.85,2.43%,,
7/1/1910,8.64,-5.05%,,
6/1/1910,9.1,-4.81%,,
5/1/1910,9.56,-1.65%,,
4/1/1910,9.72,-2.41%,,
3/1/1910,9.96,2.47%,,
2/1/1910,9.72,-3.57%,,
1/1/1910,10.08,-2.14%,,
12/1/1909,10.3,1.18%,,
11/1/1909,10.18,-0.49%,,
10/1/1909,10.23,0.39%,,
9/1/1909,10.19,0.10%,,
8/1/1909,10.18,2.41%,,
7/1/1909,9.94,1.43%,,
6/1/1909,9.8,1.77%,,
5/1/1909,9.63,3.33%,,
4/1/1909,9.32,4.48%,,
3/1/1909,8.92,1.36%,,
2/1/1909,8.8,-2.87%,,
1/1/1909,9.06,0.33%,,
12/1/1908,9.03,2.27%,,
11/1/1908,8.83,6.77%,,
10/1/1908,8.27,1.22%,,
9/1/1908,8.17,-1.09%,,
8/1/1908,8.26,4.29%,,
7/1/1908,7.92,3.66%,,
6/1/1908,7.64,0.13%,,
5/1/1908,7.63,5.39%,,
4/1/1908,7.24,5.39%,,
3/1/1908,6.87,4.09%,,
2/1/1908,6.6,-3.65%,,
1/1/1908,6.85,4.26%,,
12/1/1907,6.57,5.12%,,
11/1/1907,6.25,-5.87%,,
10/1/1907,6.64,-10.87%,,
9/1/1907,7.45,-1.06%,,
8/1/1907,7.53,-7.49%,,
7/1/1907,8.14,3.83%,,
6/1/1907,7.84,-3.21%,,
5/1/1907,8.1,-3.46%,,
4/1/1907,8.39,0.48%,,
3/1/1907,8.35,-9.83%,,
2/1/1907,9.26,-3.14%,,
1/1/1907,9.56,-2.85%,,
12/1/1906,9.84,-0.91%,,
11/1/1906,9.93,2.06%,,
10/1/1906,9.73,-2.99%,,
9/1/1906,10.03,3.08%,,
8/1/1906,9.73,7.40%,,
7/1/1906,9.06,-2.58%,,
6/1/1906,9.3,1.31%,,
5/1/1906,9.18,-2.65%,,
4/1/1906,9.43,-1.36%,,
3/1/1906,9.56,-2.45%,,
2/1/1906,9.8,-0.71%,,
1/1/1906,9.87,3.46%,,
12/1/1905,9.54,2.47%,,
11/1/1905,9.31,-0.53%,,
10/1/1905,9.36,1.41%,,
9/1/1905,9.23,0.33%,,
8/1/1905,9.2,3.72%,,
7/1/1905,8.87,3.14%,,
6/1/1905,8.6,1.18%,,
5/1/1905,8.5,-4.92%,,
4/1/1905,8.94,-1.22%,,
3/1/1905,9.05,2.84%,,
2/1/1905,8.8,4.39%,,
1/1/1905,8.43,2.18%,,
12/1/1904,8.25,0.98%,,
11/1/1904,8.17,5.42%,,
10/1/1904,7.75,5.87%,,
9/1/1904,7.32,4.42%,,
8/1/1904,7.01,3.39%,,
7/1/1904,6.78,4.15%,,
6/1/1904,6.51,0.15%,,
5/1/1904,6.5,-2.11%,,
4/1/1904,6.64,2.47%,,
3/1/1904,6.48,-0.31%,,
2/1/1904,6.5,-2.69%,,
1/1/1904,6.68,1.67%,,
12/1/1903,6.57,4.62%,,
11/1/1903,6.28,0.32%,,
10/1/1903,6.26,-3.25%,,
9/1/1903,6.47,-2.41%,,
8/1/1903,6.63,-3.21%,,
7/1/1903,6.85,-4.60%,,
6/1/1903,7.18,-5.53%,,
5/1/1903,7.6,-1.94%,,
4/1/1903,7.75,-4.08%,,
3/1/1903,8.08,-3.92%,,
2/1/1903,8.41,-0.59%,,
1/1/1903,8.46,5.09%,,
12/1/1902,8.05,-2.31%,,
11/1/1902,8.24,-3.85%,,
10/1/1902,8.57,-3.16%,,
9/1/1902,8.85,0.23%,,
8/1/1902,8.83,2.67%,,
7/1/1902,8.6,2.26%,,
6/1/1902,8.41,-0.59%,,
5/1/1902,8.46,-0.24%,,
4/1/1902,8.48,3.41%,,
3/1/1902,8.2,0.12%,,
2/1/1902,8.19,0.86%,,
1/1/1902,8.12,2.14%,,
12/1/1901,7.95,-1.61%,,
11/1/1901,8.08,2.15%,,
10/1/1901,7.91,-1.13%,,
9/1/1901,8,-0.50%,,
8/1/1901,8.04,1.39%,,
7/1/1901,7.93,-6.71%,,
6/1/1901,8.5,9.96%,,
5/1/1901,7.73,-5.04%,,
4/1/1901,8.14,8.39%,,
3/1/1901,7.51,3.59%,,
2/1/1901,7.25,2.55%,,
1/1/1901,7.07,2.91%,,
12/1/1900,6.87,6.02%,,
11/1/1900,6.48,7.82%,,
10/1/1900,6.01,3.62%,,
9/1/1900,5.8,-2.36%,,
8/1/1900,5.94,1.37%,,
7/1/1900,5.86,0.00%,,
6/1/1900,5.86,-2.98%,,
5/1/1900,6.04,-4.73%,,
4/1/1900,6.34,1.28%,,
3/1/1900,6.26,0.81%,,
2/1/1900,6.21,1.80%,,
1/1/1900,6.1,,,
